Unnamed: 0,value_chart,valuenum_chartevent,chart_label,category,time_since_admission_chartevent,icd_code,admission_type,race,age,lab_results,lab_value_unit,priority,time_since_admission_labevent,death,BMI (kg/m2),Height (Inches),Weight (Lbs)
267004,10.5,10.5,Hemoglobin,Labs,13.533333333333331,E039,EW EMER.,BLACK/AFRICAN AMERICAN,48,231.0,IU/L,STAT,2.9166666666666665,0,18.9,62.5,105.0
269677,Yes,25.0,History of falling (within 3 mnths),Restraint/Support Systems,15.683333333333334,E039,EW EMER.,BLACK/AFRICAN AMERICAN,48,2.4,mg/dL,ROUTINE,13.533333333333331,0,18.9,62.5,105.0
137172,2,2.0,O2 Flow,Respiratory,2.216666666666667,2724,EW EMER.,WHITE,87,99.0,fL,STAT,4.933333333333334,0,0.0,0.0,0.0
287169,0,0.0,Sexuality / reproductive problems,Adm History/FHPA,0.3833333333333333,E039,URGENT,WHITE,86,7.7,mg/dL,ROUTINE,1.6166666666666667,0,0.0,0.0,0.0
93531,14,14.0,Respiratory Rate,Respiratory,18.28333333333333,4019,DIRECT EMER.,WHITE,67,4.36,m/uL,STAT,15.783333333333331,0,0.0,0.0,239.0
313208,140,140.0,Sodium (serum),Labs,22.883333333333333,E785,OBSERVATION ADMIT,WHITE,58,0.0,%,STAT,7.2,1,25.8,67.63,165.0
318779,106,106.0,Chloride (serum),Labs,4.75,E785,EW EMER.,UNKNOWN,79,48.4,fL,STAT,4.75,0,33.3,62.0,181.88
141049,1,1.0,ST Segment Monitoring On,Alarms,4.083333333333333,2724,EW EMER.,HISPANIC/LATINO - CUBAN,80,2.4,mg/dL,STAT,12.666666666666666,0,23.6,60.0,121.0
253478,19,19.0,Respiratory Rate,Respiratory,4.9,E039,EW EMER.,WHITE,32,-21.0,mEq/L,Unknown,2.8833333333333333,0,25.1,65.0,152.0
424134,36.4,36.4,Temperature Celsius,Routine Vital Signs,21.916666666666668,Z87891,SURGICAL SAME DAY ADMISSION,WHITE,72,11.2,g/dL,Unknown,6.65,0,0.0,70.0,0.0
156392,Both,2.0,Orientation to Person,Neurological,5.216666666666667,2724,EW EMER.,WHITE,87,102.0,mEq/L,STAT,4.933333333333334,0,0.0,0.0,0.0
320262,333,333.0,Arterial O2 pressure,Labs,2.333333333333333,E785,EW EMER.,WHITE,50,3.8,mEq/L,ROUTINE,9.016666666666667,0,0.0,0.0,113.0
128864,Some resistance,4.0,Strength R Arm,Neurological,2.9833333333333334,2724,EW EMER.,WHITE,87,26.0,mEq/L,STAT,4.933333333333334,0,0.0,0.0,0.0
195461,97,97.0,O2 saturation pulseoxymetry,Respiratory,6.633333333333334,4019,EW EMER.,WHITE,91,1.7,mg/dL,STAT,15.716666666666669,0,0.0,0.0,0.0
366612,184,184.0,CO2 production,Respiratory,9.016666666666667,Z794,EW EMER.,WHITE,50,2.4,mg/dL,STAT,21.016666666666666,0,0.0,0.0,113.0
406677,2000,2000.0,Ventilator Tank #2,Respiratory,2.333333333333333,Z794,OBSERVATION ADMIT,BLACK/AFRICAN AMERICAN,58,9.0,mg/dL,ROUTINE,22.45,0,0.0,0.0,0.0
458465,0,0.0,Respiratory Rate (spontaneous),Respiratory,11.516666666666667,Z87891,OBSERVATION ADMIT,WHITE,58,72.0,mg/dL,STAT,5.483333333333333,0,25.8,67.63,165.0
141182,25,25.0,Respiratory Rate,Respiratory,0.5,2724,EW EMER.,WHITE,56,27.4,%,ROUTINE,4.15,0,28.3,67.0,180.4
375235,28,28.0,Respiratory Rate (Set),Respiratory,22.016666666666666,Z794,EW EMER.,WHITE,50,3.5,mEq/L,ROUTINE,16.6,0,0.0,0.0,113.0
431192,Full resistance,5.0,Strength R Arm,Neurological,1.6,Z87891,EW EMER.,WHITE,72,0.4,K/uL,STAT,6.0,0,0.0,63.25,0.0
331634,112,112.0,Non Invasive Blood Pressure systolic,Routine Vital Signs,11.55,E785,EW EMER.,WHITE,59,-14.0,mEq/L,Unknown,8.85,0,26.6,70.0,185.7
234940,0.07,0.07,Troponin-T,Labs,6.683333333333334,E039,OBSERVATION ADMIT,BLACK/AFRICAN AMERICAN,51,1.8,mg/dL,ROUTINE,12.016666666666667,0,39.1,62.5,213.6
181700,1,1.0,Self ADL,Adm History/FHPA,21.0,4019,ELECTIVE,UNABLE TO OBTAIN,63,11.8,K/uL,STAT,20.683333333333334,0,0.0,0.0,0.0
321232,0,0.0,Absolute Count - Eos,Labs,1.1,E785,URGENT,UNKNOWN,81,2.0,#/hpf,STAT,6.666666666666667,0,25.8,66.0,160.0
256697,126,126.0,Non Invasive Blood Pressure systolic,Routine Vital Signs,22.58333333333333,E039,EW EMER.,WHITE,70,21.0,%,Unknown,10.883333333333333,0,33.2,63.25,187.6
148694,28.6,28.6,Hematocrit (serum),Labs,0.05,2724,URGENT,UNKNOWN,88,0.3,%,STAT,0.05,0,0.0,0.0,0.0
141420,70,70.0,Non Invasive Blood Pressure diastolic,Routine Vital Signs,4.083333333333333,2724,EW EMER.,HISPANIC/LATINO - CUBAN,80,353.0,K/uL,ROUTINE,4.2,0,23.6,60.0,121.0
450629,Place,1.0,Orientation,Neurological,22.183333333333334,Z87891,EW EMER.,WHITE,72,139.0,mEq/L,STAT,6.0,0,0.0,63.25,0.0
334246,79,79.0,Heart Rate,Routine Vital Signs,8.25,E785,URGENT,WHITE,86,2.5,%,ROUTINE,1.6166666666666667,0,0.0,0.0,0.0
404313,112,112.0,Arterial Blood Pressure systolic,Routine Vital Signs,20.516666666666666,Z794,EW EMER.,WHITE,50,-9.0,mEq/L,Unknown,2.8833333333333333,0,0.0,0.0,113.0
178422,Unknown,1.0,GCS - Eye Opening,Neurological,4.8,4019,EW EMER.,UNABLE TO OBTAIN,60,32.9,%,STAT,7.233333333333333,0,0.0,0.0,0.0
338350,78,78.0,Heart Rate,Routine Vital Signs,12.75,E785,SURGICAL SAME DAY ADMISSION,WHITE,59,0.5,%,STAT,11.683333333333334,0,0.0,0.0,0.0
220159,109,109.0,Heart Rate,Routine Vital Signs,6.8,4019,EW EMER.,WHITE,53,0.7,mmol/L,Unknown,12.033333333333331,0,0.0,70.0,0.0
405759,100,100.0,O2 saturation pulseoxymetry,Respiratory,5.016666666666667,Z794,EW EMER.,WHITE,50,6740.0,IU/L,ROUTINE,9.016666666666667,0,0.0,0.0,113.0
277776,82,82.0,Heart Rate,Routine Vital Signs,21.2,E039,EW EMER.,WHITE,72,406.0,mg/dL,STAT,23.23333333333333,0,0.0,63.25,0.0
434930,No,0.0,CAM-ICU MS Change,Pain/Sedation,14.416666666666666,Z87891,EW EMER.,WHITE,89,3.54,m/uL,ROUTINE,10.083333333333334,1,26.0,66.0,161.16
68506,102,102.0,Arterial Blood Pressure systolic,Routine Vital Signs,19.85,4019,EW EMER.,UNABLE TO OBTAIN,60,52.0,%,STAT,10.716666666666669,0,0.0,0.0,0.0
251066,1.1,1.1,Creatinine (serum),Labs,14.2,E039,EW EMER.,WHITE,72,0.0,%,ROUTINE,14.2,0,0.0,63.25,0.0
423089,40,40.0,Inspired O2 Fraction,Respiratory,11.433333333333334,Z87891,EW EMER.,UNKNOWN,79,15.0,%,STAT,9.183333333333334,1,33.3,62.0,181.88
140207,32,32.0,Non Invasive Blood Pressure mean,Routine Vital Signs,0.0833333333333333,2724,URGENT,UNKNOWN,88,7.4,mg/dL,ROUTINE,23.25,0,0.0,0.0,0.0
203686,No,0.0,History of falling (within 3 mnths),Restraint/Support Systems,18.03333333333333,4019,EW EMER.,OTHER,84,1.3,mg/dL,STAT,22.316666666666663,0,0.0,0.0,0.0
226889,8,8.0,Resp Alarm - Low,Alarms,7.633333333333334,4019,EW EMER.,WHITE,91,0.0,mEq/L,Unknown,12.283333333333331,0,0.0,0.0,0.0
305657,To Speech,3.0,GCS - Eye Opening,Neurological,20.516666666666666,E785,OBSERVATION ADMIT,WHITE,58,28.0,g/dL,STAT,5.483333333333333,0,25.8,67.63,165.0
115342,47,47.0,Arterial CO2 Pressure,Labs,17.8,4019,EW EMER.,WHITE,48,62.0,mg/dL,ROUTINE,11.5,0,39.5,63.001785863532064,223.0
398265,80,80.0,Arterial Blood Pressure mean,Routine Vital Signs,19.766666666666666,Z794,EW EMER.,WHITE,50,20.3,K/uL,ROUTINE,9.016666666666667,0,0.0,0.0,113.0
364196,0.6,0.6,Inspiratory Time,Respiratory,6.016666666666667,Z794,EW EMER.,WHITE,50,-9.0,mEq/L,Unknown,2.8833333333333333,0,0.0,0.0,113.0
133779,0,0.0,18 Gauge placed in outside facility,Access Lines - Peripheral,12.65,2724,EW EMER.,WHITE,56,15.3,%,STAT,0.2166666666666666,0,28.3,67.0,180.4
399422,33,33.0,Venous CO2 Pressure,Labs,12.766666666666667,Z794,EW EMER.,WHITE,32,103.0,mEq/L,STAT,7.383333333333334,0,25.1,65.0,152.0
333236,Spontaneously,4.0,GCS - Eye Opening,Neurological,12.05,E785,OBSERVATION ADMIT,WHITE,58,1.9,mg/dL,STAT,22.6,0,25.6,67.63,166.0
205304,0,0.0,20 Gauge placed in the field,Access Lines - Peripheral,1.6333333333333333,4019,EW EMER.,WHITE,91,14.0,mEq/L,STAT,15.716666666666669,0,0.0,0.0,0.0
251051,4.1,4.1,Potassium (whole blood),Labs,9.616666666666667,E039,SURGICAL SAME DAY ADMISSION,WHITE,72,97.0,%,Unknown,16.95,0,0.0,70.0,0.0
112431,110,110.0,Arterial Blood Pressure Alarm - High,Alarms,15.033333333333331,4019,EW EMER.,WHITE,79,17.0,mEq/L,ROUTINE,0.5,0,0.0,68.0,0.0
116759,15,15.0,Respiratory Rate,Respiratory,1.8666666666666667,2724,EW EMER.,OTHER,64,1.9,mg/dL,ROUTINE,3.866666666666666,0,0.0,0.0,0.0
339165,494,494.0,Tidal Volume (observed),Respiratory,13.0,E785,SURGICAL SAME DAY ADMISSION,WHITE,59,-1.0,mEq/L,Unknown,11.333333333333334,0,0.0,0.0,0.0
91657,30,30.0,P Low (APRV),Respiratory,17.15,4019,EW EMER.,WHITE,34,7.46,units,Unknown,19.35,0,0.0,0.0,0.0
439121,74,74.0,Height,General,0.0,Z87891,EW EMER.,UNKNOWN,79,15.8,g/dL,STAT,9.183333333333334,1,33.3,62.0,181.88
152477,14,14.0,Anion gap,Labs,4.15,2724,EW EMER.,WHITE,56,178.0,K/uL,STAT,0.2166666666666666,0,28.3,67.0,180.4
266214,24.6,24.6,Cortisol,Labs,13.533333333333331,E039,EW EMER.,BLACK/AFRICAN AMERICAN,48,7.19,units,Unknown,8.5,0,18.9,62.5,105.0
318952,135,135.0,Non Invasive Blood Pressure systolic,Routine Vital Signs,17.866666666666667,E785,URGENT,WHITE,62,14.5,sec,STAT,1.7666666666666666,0,35.8,71.5,267.3
330322,3.5,3.5,Creatinine (serum),Labs,5.483333333333333,E785,OBSERVATION ADMIT,WHITE,58,15.3,K/uL,STAT,5.483333333333333,0,25.8,67.63,165.0
399068,28,28.0,Respiratory Rate (Set),Respiratory,22.016666666666666,Z794,EW EMER.,WHITE,50,19.0,mEq/L,STAT,21.016666666666666,0,0.0,0.0,113.0
86928,500,500.0,Tidal Volume (set),Respiratory,20.75,4019,ELECTIVE,WHITE,70,7.42,units,Unknown,20.366666666666667,0,0.0,0.0,0.0
153662,95,95.0,O2 saturation pulseoxymetry,Respiratory,6.216666666666667,2724,EW EMER.,WHITE,87,35.1,%,STAT,4.933333333333334,0,0.0,0.0,0.0
400569,108,108.0,Arterial Blood Pressure systolic,Routine Vital Signs,18.016666666666666,Z794,EW EMER.,WHITE,50,-12.0,mEq/L,Unknown,5.25,0,0.0,0.0,113.0
433817,1,1.0,Visual / hearing deficit,Adm History/FHPA,1.95,Z87891,EW EMER.,WHITE,59,152.0,mg/dL,STAT,8.716666666666667,0,26.6,70.0,185.7
117341,1,1.0,Unable to assess activity / mobility,Adm History/FHPA,0.3166666666666666,2724,EW EMER.,WHITE,56,9.3,g/dL,STAT,15.983333333333333,0,28.3,67.0,180.4
123995,1,1.0,Parameters Checked,Alarms,4.083333333333333,2724,EW EMER.,HISPANIC/LATINO - CUBAN,80,376.0,ug/dL,STAT,9.883333333333333,0,23.6,60.0,121.0
370582,1,1.0,18 Gauge Dressing Occlusive,Access Lines - Peripheral,6.15,Z794,EW EMER.,WHITE,50,34.0,mg/dL,STAT,21.016666666666666,0,0.0,0.0,113.0
162878,Yes,20.0,IV/Saline lock,Restraint/Support Systems,19.85,2724,SURGICAL SAME DAY ADMISSION,BLACK/AFRICAN AMERICAN,67,3.5,mEq/L,ROUTINE,14.266666666666667,0,33.4,65.0,201.0
156541,17,17.0,Respiratory Rate,Respiratory,5.216666666666667,2724,EW EMER.,WHITE,87,4.1,mEq/L,STAT,4.933333333333334,0,0.0,0.0,0.0
182808,26.4,26.4,PTT,Labs,11.85,4019,EW EMER.,WHITE,53,82.0,fL,ROUTINE,11.85,0,0.0,70.0,0.0
411579,6,6.0,PH (dipstick),Labs,9.566666666666666,Z87891,OBSERVATION ADMIT,WHITE,58,1.8,mg/dL,STAT,15.233333333333333,0,25.8,67.63,165.0
128291,172,172.0,Non Invasive Blood Pressure systolic,Routine Vital Signs,15.216666666666669,2724,EW EMER.,WHITE,87,1.5,mg/dL,STAT,4.933333333333334,0,0.0,0.0,0.0
333429,High,3.0,Acuity Workload Question 2,Care Plans,14.9,E785,OBSERVATION ADMIT,WHITE,58,31.7,sec,STAT,7.2,0,25.8,67.63,165.0
412767,1,1.0,Social work consult,Adm History/FHPA,2.433333333333333,Z87891,OBSERVATION ADMIT,WHITE,58,55.0,mg/dL,STAT,13.116666666666667,0,25.6,67.63,166.0
356512,14,14.0,HCO3 (serum),Labs,21.7,Z794,EW EMER.,WHITE,32,24.0,mg/dL,STAT,2.5166666666666666,0,25.1,65.0,152.0
249451,Both,2.0,Orientation to Person,Neurological,12.583333333333334,E039,EW EMER.,WHITE,70,3.7,mmol/L,Unknown,20.58333333333333,0,33.2,63.25,187.6
247362,0,0.0,22 Gauge placed in outside facility,Access Lines - Peripheral,11.683333333333334,E039,EW EMER.,BLACK/AFRICAN AMERICAN,48,70.0,IU/L,STAT,2.9166666666666665,0,18.9,62.5,105.0
387690,99,99.0,Arterial O2 Saturation,Labs,21.3,Z794,EW EMER.,WHITE,50,47.6,fL,ROUTINE,16.6,0,0.0,0.0,113.0
289524,35.4,35.4,Hematocrit (serum),Labs,15.283333333333331,E039,URGENT,WHITE,86,0.04,K/uL,ROUTINE,15.283333333333331,0,0.0,0.0,0.0
363577,28,28.0,Respiratory Rate (Set),Respiratory,9.016666666666667,Z794,EW EMER.,WHITE,50,7.22,units,Unknown,3.3666666666666667,0,0.0,0.0,113.0
314136,47,47.0,Non Invasive Blood Pressure mean,Routine Vital Signs,3.75,E785,URGENT,UNKNOWN,81,6.0,%,ROUTINE,1.1,0,25.8,66.0,160.0
429115,0,0.0,Respiratory Rate (spontaneous),Respiratory,19.516666666666666,Z87891,OBSERVATION ADMIT,WHITE,58,0.0,K/uL,STAT,7.2,0,25.8,67.63,165.0
320438,0,0.0,Recreational drug use,Adm History/FHPA,3.35,E785,EW EMER.,WHITE,50,18.0,mEq/L,STAT,21.016666666666666,0,0.0,0.0,113.0
360276,22,22.0,Respiratory Rate,Respiratory,17.9,Z794,EW EMER.,WHITE,32,17.0,mg/dL,STAT,9.416666666666666,0,25.1,65.0,152.0
242541,0,0.0,Sexuality / reproductive problems,Adm History/FHPA,1.4,E039,OBSERVATION ADMIT,BLACK/AFRICAN AMERICAN,48,8.2,K/uL,STAT,1.9166666666666667,0,18.9,62.5,105.0
257148,22.7,22.7,Prothrombin time,Labs,15.283333333333331,E039,URGENT,WHITE,86,22.0,mEq/L,ROUTINE,15.283333333333331,0,0.0,0.0,0.0
244035,35,35.0,Resp Alarm - High,Alarms,10.916666666666666,E039,SURGICAL SAME DAY ADMISSION,WHITE,72,86.6,%,STAT,9.666666666666666,0,0.0,70.0,0.0
456850,97,97.0,Heart Rate,Routine Vital Signs,5.216666666666667,Z87891,URGENT,UNKNOWN,81,31.5,pg,ROUTINE,18.6,0,25.8,66.0,160.0
248748,96,96.0,Non Invasive Blood Pressure mean,Routine Vital Signs,12.7,E039,EW EMER.,BLACK/AFRICAN AMERICAN,48,3.4,mmol/L,Unknown,3.4833333333333334,0,18.9,62.5,105.0
306732,Drager,1.0,Ventilator Type,Respiratory,9.516666666666667,E785,OBSERVATION ADMIT,WHITE,58,75.0,fL,STAT,5.483333333333333,1,25.8,67.63,165.0
97826,0,0.0,Arterial Line Zero/Calibrate,Access Lines - Invasive,23.316666666666663,4019,EW EMER.,WHITE,79,9.3,mg/dL,STAT,16.8,0,0.0,68.0,0.0
442584,95,95.0,O2 saturation pulseoxymetry,Respiratory,12.05,Z87891,OBSERVATION ADMIT,WHITE,58,75.0,fL,STAT,13.116666666666667,0,25.6,67.63,166.0
284043,72,72.0,Non Invasive Blood Pressure mean,Routine Vital Signs,10.2,E039,EW EMER.,WHITE,72,9.2,mg/dL,STAT,18.65,0,0.0,63.25,0.0
332522,Rarely Moist,4.0,Braden Moisture,Skin - Assessment,18.016666666666666,E785,EW EMER.,WHITE,50,16.1,K/uL,ROUTINE,16.6,0,0.0,0.0,113.0
457911,53,53.0,Non Invasive Blood Pressure diastolic,Routine Vital Signs,17.583333333333332,Z87891,EW EMER.,WHITE,70,30.9,%,STAT,3.85,0,33.2,63.25,187.6
201404,Unknown,1.0,GCS - Eye Opening,Neurological,18.4,4019,EW EMER.,WHITE,34,8.0,mg/dL,STAT,14.266666666666667,0,0.0,0.0,0.0
73269,78,78.0,Heart Rate,Routine Vital Signs,21.85,4019,EW EMER.,UNABLE TO OBTAIN,60,8.1,mg/dL,STAT,7.233333333333333,0,0.0,0.0,0.0
421258,97,97.0,Chloride (serum),Labs,15.233333333333333,Z87891,OBSERVATION ADMIT,WHITE,58,70.0,mg/dL,STAT,2.566666666666667,0,25.8,67.63,165.0
117998,Both,2.0,Orientation to Place,Neurological,8.0,2724,SURGICAL SAME DAY ADMISSION,BLACK/AFRICAN AMERICAN,67,111.0,mEq/L,ROUTINE,14.266666666666667,0,33.4,65.0,201.0
284756,Full resistance,5.0,Strength R Arm,Neurological,19.633333333333333,E039,OBSERVATION ADMIT,BLACK/AFRICAN AMERICAN,48,7.44,units,Unknown,2.183333333333333,0,18.9,62.5,105.0
115423,CMV/ASSIST/AutoFlow,49.0,Ventilator Mode,Respiratory,6.75,4019,SURGICAL SAME DAY ADMISSION,HISPANIC OR LATINO,67,3.9,mEq/L,STAT,5.333333333333333,0,23.9,63.0,135.0
164365,1,1.0,18 Gauge Dressing Occlusive,Access Lines - Peripheral,15.716666666666669,2724,EW EMER.,WHITE,56,14.9,%,ROUTINE,4.15,0,28.3,67.0,180.4
225371,459,459.0,Tidal Volume (observed),Respiratory,22.0,4019,ELECTIVE,UNABLE TO OBTAIN,63,138.0,mEq/L,Unknown,20.683333333333334,0,0.0,0.0,0.0
442816,99,99.0,O2 saturation pulseoxymetry,Respiratory,21.916666666666668,Z87891,SURGICAL SAME DAY ADMISSION,WHITE,72,120.0,mm Hg,Unknown,16.3,0,0.0,70.0,0.0
367002,-12,-12.0,Arterial Base Excess,Labs,5.25,Z794,EW EMER.,WHITE,50,21.0,mEq/L,STAT,2.716666666666667,0,0.0,0.0,113.0
369426,Mild to Moderate,3.0,Pain Level,Pain/Sedation,10.9,Z794,EW EMER.,WHITE,32,-9.0,mEq/L,Unknown,12.766666666666667,0,25.1,65.0,152.0
426642,5,5.0,PEEP set,Respiratory,9.916666666666666,Z87891,SURGICAL SAME DAY ADMISSION,WHITE,72,7.47,units,Unknown,11.133333333333333,0,0.0,70.0,0.0
297462,92,92.0,Non Invasive Blood Pressure systolic,Routine Vital Signs,4.266666666666667,E785,OBSERVATION ADMIT,WHITE,58,29.0,mEq/L,STAT,2.566666666666667,0,25.8,67.63,165.0
404045,40,40.0,Inspired O2 Fraction,Respiratory,11.016666666666667,Z794,EW EMER.,WHITE,50,4.6,mg/dL,ROUTINE,16.6,0,0.0,0.0,113.0
387482,58,58.0,Venous O2 Pressure,Labs,2.8833333333333333,Z794,EW EMER.,WHITE,32,7.0,mEq/L,Unknown,2.8833333333333333,0,25.1,65.0,152.0
432657,Oriented,5.0,GCS - Verbal Response,Neurological,22.183333333333334,Z87891,EW EMER.,WHITE,72,104.0,IU/L,ROUTINE,14.2,0,0.0,63.25,0.0
205552,1,1.0,Parameters Checked,Alarms,8.466666666666667,4019,EW EMER.,WHITE,34,26.0,mEq/L,Unknown,6.333333333333333,0,0.0,0.0,0.0
309335,1,1.0,PA Catheter Dressing Occlusive,Access Lines - Invasive,6.216666666666667,E785,OBSERVATION ADMIT,WHITE,58,1.8,mmol/L,Unknown,15.7,1,25.8,67.63,165.0
348570,69,69.0,Non Invasive Blood Pressure diastolic,Routine Vital Signs,13.233333333333333,E785,EW EMER.,WHITE,60,1.8,mg/dL,STAT,6.283333333333333,0,37.1,71.5,277.2
431957,24,24.0,Respiratory Rate,Respiratory,4.583333333333333,Z87891,EW EMER.,WHITE,70,30.1,pg,STAT,3.85,0,33.2,63.25,187.6
171064,Full resistance,5.0,Strength R Arm,Neurological,2.15,2724,EW EMER.,WHITE,91,6.0,units,STAT,18.15,0,0.0,0.0,0.0
385732,8,8.0,Resp Alarm - Low,Alarms,3.0,Z794,EW EMER.,WHITE,32,12.0,mEq/L,STAT,21.7,0,25.1,65.0,152.0
265042,138,138.0,Sodium (serum),Labs,16.483333333333334,E039,OBSERVATION ADMIT,WHITE,69,86.0,mm Hg,Unknown,17.2,0,0.0,66.0,0.0
409243,97,97.0,O2 saturation pulseoxymetry,Respiratory,2.7,Z87891,EW EMER.,WHITE,72,61.0,%,ROUTINE,14.2,0,0.0,63.25,0.0
